[
  {
    "id" : "cs6440",
    "type" : "ImplementationGuide",
    "url" : "http://example.org/ImplementationGuide/cs6440",
    "version" : "0.1.0",
    "name" : "CS6440FSHIG"
  },
  {
    "id" : "favorite-color",
    "type" : "StructureDefinition",
    "url" : "http://example.org/StructureDefinition/favorite-color",
    "version" : "0.1.0",
    "name" : "FavoriteColorExtension"
  },
  {
    "id" : "my-patient",
    "type" : "StructureDefinition",
    "url" : "http://example.org/StructureDefinition/my-patient",
    "version" : "0.1.0",
    "name" : "MyPatient"
  },
  {
    "id" : "specific-vaccination",
    "type" : "StructureDefinition",
    "url" : "http://example.org/StructureDefinition/specific-vaccination",
    "version" : "0.1.0",
    "name" : "SpecificVaccination"
  },
  {
    "id" : "weight-observation",
    "type" : "StructureDefinition",
    "url" : "http://example.org/StructureDefinition/weight-observation",
    "version" : "0.1.0",
    "name" : "WeightObservation"
  }
]
