{
  "codeSystems" : [
    {
      "url" : "http://hl7.org/fhir/ValueSet/address-type",
      "version" : "4.0.1",
      "status" : "active",
      "name" : "AddressType",
      "title" : "AddressType",
      "description" : "The type of an address (physical / postal).",
      "systems" : ["http://hl7.org/fhir/address-type"],
      "oids" : ["2.16.840.1.113883.4.642.3.69"],
      "sources" : ["2.16.840.1.113883.4.642.3.69"],
      "uses" : {
      },
      "StructureDefinition-my-patient.html" : "My Patient"
    },
    {
      "url" : "http://hl7.org/fhir/ValueSet/address-use",
      "version" : "4.0.1",
      "status" : "active",
      "name" : "AddressUse",
      "title" : "AddressUse",
      "description" : "The use of an address.",
      "systems" : ["http://hl7.org/fhir/address-use"],
      "oids" : ["2.16.840.1.113883.4.642.3.67"],
      "sources" : ["2.16.840.1.113883.4.642.3.67"],
      "uses" : {
      },
      "StructureDefinition-my-patient.html" : "My Patient"
    },
    {
      "url" : "http://hl7.org/fhir/ValueSet/administrative-gender",
      "version" : "4.0.1",
      "status" : "active",
      "name" : "AdministrativeGender",
      "title" : "AdministrativeGender",
      "description" : "The gender of a person used for administrative purposes.",
      "systems" : ["http://hl7.org/fhir/administrative-gender"],
      "oids" : ["2.16.840.1.113883.4.642.3.1"],
      "sources" : ["2.16.840.1.113883.4.642.3.1"],
      "uses" : {
      },
      "StructureDefinition-my-patient.html" : "My Patient"
    },
    {
      "url" : "http://hl7.org/fhir/ValueSet/body-site",
      "version" : "4.0.1",
      "status" : "draft",
      "name" : "SNOMEDCTBodyStructures",
      "title" : "SNOMED CT Body Structures",
      "description" : "This value set includes all codes from [SNOMED CT](http://snomed.info/sct) where concept is-a 442083009 (Anatomical or acquired body site (body structure)).",
      "systems" : ["http://snomed.info/sct"],
      "oids" : ["2.16.840.1.113883.4.642.3.141"],
      "sources" : ["2.16.840.1.113883.4.642.3.141"],
      "uses" : {
      },
      "StructureDefinition-weight-observation.html" : "Weight Observation"
    },
    {
      "url" : "http://hl7.org/fhir/ValueSet/data-absent-reason",
      "version" : "4.0.1",
      "status" : "active",
      "name" : "DataAbsentReason",
      "title" : "DataAbsentReason",
      "description" : "Used to specify why the normally expected content of the data element is missing.",
      "systems" : ["http://terminology.hl7.org/CodeSystem/data-absent-reason"],
      "oids" : ["2.16.840.1.113883.4.642.3.5"],
      "sources" : ["2.16.840.1.113883.4.642.3.5"],
      "uses" : {
      },
      "StructureDefinition-weight-observation.html" : "Weight Observation"
    },
    {
      "url" : "http://hl7.org/fhir/ValueSet/immunization-function",
      "version" : "4.0.1",
      "status" : "draft",
      "name" : "ImmunizationFunctionCodes",
      "title" : "Immunization Function Codes",
      "description" : "The value set to instantiate this attribute should be drawn from a terminologically robust code system that consists of or contains concepts to support describing the function a practitioner or organization may play in the immunization event. This value set is provided as a suggestive example.",
      "systems" : ["http://terminology.hl7.org/CodeSystem/v2-0443"],
      "oids" : ["2.16.840.1.113883.4.642.3.995"],
      "sources" : ["2.16.840.1.113883.4.642.3.995"],
      "uses" : {
      },
      "StructureDefinition-specific-vaccination.html" : "Specific Vaccination"
    },
    {
      "url" : "http://hl7.org/fhir/ValueSet/immunization-funding-source",
      "version" : "4.0.1",
      "status" : "draft",
      "name" : "ImmunizationFundingSource",
      "title" : "Immunization Funding Source",
      "description" : "The value set to instantiate this attribute should be drawn from a terminologically robust code system that consists of or contains concepts to support describing the source of the vaccine administered. This value set is provided as a suggestive example.",
      "systems" : [
        "http://terminology.hl7.org/CodeSystem/immunization-funding-source"
      ],
      "oids" : ["2.16.840.1.113883.4.642.3.293"],
      "sources" : ["2.16.840.1.113883.4.642.3.293"],
      "uses" : {
      },
      "StructureDefinition-specific-vaccination.html" : "Specific Vaccination"
    },
    {
      "url" : "http://hl7.org/fhir/ValueSet/immunization-origin",
      "version" : "4.0.1",
      "status" : "draft",
      "name" : "ImmunizationOriginCodes",
      "title" : "Immunization Origin Codes",
      "description" : "The value set to instantiate this attribute should be drawn from a terminologically robust code system that consists of or contains concepts to support describing the source of the data when the report of the immunization event is not based on information from the person, entity or organization who administered the vaccine. This value set is provided as a suggestive example.",
      "systems" : ["http://terminology.hl7.org/CodeSystem/immunization-origin"],
      "oids" : ["2.16.840.1.113883.4.642.3.296"],
      "sources" : ["2.16.840.1.113883.4.642.3.296"],
      "uses" : {
      },
      "StructureDefinition-specific-vaccination.html" : "Specific Vaccination"
    },
    {
      "url" : "http://hl7.org/fhir/ValueSet/immunization-program-eligibility",
      "version" : "4.0.1",
      "status" : "draft",
      "name" : "ImmunizationProgramEligibility",
      "title" : "Immunization Program Eligibility",
      "description" : "The value set to instantiate this attribute should be drawn from a terminologically robust code system that consists of or contains concepts to support describing the patient's eligibility for a vaccination program. This value set is provided as a suggestive example.",
      "systems" : [
        "http://terminology.hl7.org/CodeSystem/immunization-program-eligibility"
      ],
      "oids" : ["2.16.840.1.113883.4.642.3.291"],
      "sources" : ["2.16.840.1.113883.4.642.3.291"],
      "uses" : {
      },
      "StructureDefinition-specific-vaccination.html" : "Specific Vaccination"
    },
    {
      "url" : "http://hl7.org/fhir/ValueSet/immunization-reason",
      "version" : "4.0.1",
      "status" : "draft",
      "name" : "ImmunizationReasonCodes",
      "title" : "Immunization Reason Codes",
      "description" : "The value set to instantiate this attribute should be drawn from a terminologically robust code system that consists of or contains concepts to support describing the reason why a dose of vaccine was administered. This value set is provided as a suggestive example.",
      "systems" : ["http://snomed.info/sct"],
      "oids" : ["2.16.840.1.113883.4.642.3.290"],
      "sources" : ["2.16.840.1.113883.4.642.3.290"],
      "uses" : {
      },
      "StructureDefinition-specific-vaccination.html" : "Specific Vaccination"
    },
    {
      "url" : "http://hl7.org/fhir/ValueSet/immunization-route",
      "version" : "4.0.1",
      "status" : "draft",
      "name" : "ImmunizationRouteCodes",
      "title" : "Immunization Route Codes",
      "description" : "The value set to instantiate this attribute should be drawn from a terminologically robust code system that consists of or contains concepts to support describing the administrative routes used during vaccination. This value set is provided as a suggestive example.",
      "systems" : [
        "http://terminology.hl7.org/CodeSystem/v3-RouteOfAdministration"
      ],
      "oids" : ["2.16.840.1.113883.4.642.3.289"],
      "sources" : ["2.16.840.1.113883.4.642.3.289"],
      "uses" : {
      },
      "StructureDefinition-specific-vaccination.html" : "Specific Vaccination"
    },
    {
      "url" : "http://hl7.org/fhir/ValueSet/immunization-site",
      "version" : "4.0.1",
      "status" : "draft",
      "name" : "CodesForImmunizationSiteOfAdministration",
      "title" : "Codes for Immunization Site of Administration",
      "description" : "The value set to instantiate this attribute should be drawn from a terminologically robust code system that consists of or contains concepts to support describing the body site where the vaccination occurred. This value set is provided as a suggestive example.",
      "systems" : ["http://terminology.hl7.org/CodeSystem/v3-ActSite"],
      "oids" : ["2.16.840.1.113883.4.642.3.288"],
      "sources" : ["2.16.840.1.113883.4.642.3.288"],
      "uses" : {
      },
      "StructureDefinition-specific-vaccination.html" : "Specific Vaccination"
    },
    {
      "url" : "http://hl7.org/fhir/ValueSet/immunization-status",
      "version" : "4.0.1",
      "status" : "draft",
      "name" : "ImmunizationStatusCodes",
      "title" : "Immunization Status Codes",
      "description" : "The value set to instantiate this attribute should be drawn from a terminologically robust code system that consists of or contains concepts to support describing the current status of the administered dose of vaccine.",
      "systems" : ["http://hl7.org/fhir/event-status"],
      "oids" : ["2.16.840.1.113883.4.642.3.295"],
      "sources" : ["2.16.840.1.113883.4.642.3.295"],
      "uses" : {
      },
      "StructureDefinition-specific-vaccination.html" : "Specific Vaccination"
    },
    {
      "url" : "http://hl7.org/fhir/ValueSet/immunization-status-reason",
      "version" : "4.0.1",
      "status" : "draft",
      "name" : "ImmunizationStatusReasonCodes",
      "title" : "Immunization Status Reason Codes",
      "description" : "The value set to instantiate this attribute should be drawn from a terminologically robust code system that consists of or contains concepts to support describing the reason why a dose of vaccine was not administered. This value set is provided as a suggestive example.",
      "systems" : [
        "http://terminology.hl7.org/CodeSystem/v3-ActReason",
        "http://snomed.info/sct"
      ],
      "oids" : ["2.16.840.1.113883.4.642.3.992"],
      "sources" : ["2.16.840.1.113883.4.642.3.992"],
      "uses" : {
      },
      "StructureDefinition-specific-vaccination.html" : "Specific Vaccination"
    },
    {
      "url" : "http://hl7.org/fhir/ValueSet/immunization-subpotent-reason",
      "version" : "4.0.1",
      "status" : "draft",
      "name" : "ImmunizationSubpotentReason",
      "title" : "Immunization Subpotent Reason",
      "description" : "The value set to instantiate this attribute should be drawn from a terminologically robust code system that consists of or contains concepts to support describing the reason why a dose is considered to be subpotent. This value set is provided as a suggestive example.",
      "systems" : [
        "http://terminology.hl7.org/CodeSystem/immunization-subpotent-reason"
      ],
      "oids" : ["2.16.840.1.113883.4.642.3.993"],
      "sources" : ["2.16.840.1.113883.4.642.3.993"],
      "uses" : {
      },
      "StructureDefinition-specific-vaccination.html" : "Specific Vaccination"
    },
    {
      "url" : "http://hl7.org/fhir/ValueSet/immunization-target-disease",
      "version" : "4.0.1",
      "status" : "draft",
      "name" : "ImmunizationTargetDiseaseCodes",
      "title" : "Immunization Target Disease Codes",
      "description" : "The value set to instantiate this attribute should be drawn from a terminologically robust code system that consists of or contains concepts to support describing the disease that the dose is being administered against. This value set is provided as a suggestive example and includes the SNOMED CT concepts from the 64572001 (Disease) hierarchy.",
      "systems" : ["http://snomed.info/sct"],
      "oids" : ["2.16.840.1.113883.4.642.3.1047"],
      "sources" : ["2.16.840.1.113883.4.642.3.1047"],
      "uses" : {
      },
      "StructureDefinition-specific-vaccination.html" : "Specific Vaccination"
    },
    {
      "url" : "http://hl7.org/fhir/ValueSet/languages",
      "version" : "4.0.1",
      "status" : "draft",
      "name" : "CommonLanguages",
      "title" : "Common Languages",
      "description" : "This value set includes common codes from BCP-47 (http://tools.ietf.org/html/bcp47)",
      "systems" : ["urn:ietf:bcp:47"],
      "oids" : ["2.16.840.1.113883.4.642.3.20"],
      "sources" : ["2.16.840.1.113883.4.642.3.20"],
      "uses" : {
      },
      "StructureDefinition-my-patient.html" : "My Patient",
      "StructureDefinition-specific-vaccination.html" : "Specific Vaccination",
      "StructureDefinition-weight-observation.html" : "Weight Observation"
    },
    {
      "url" : "http://hl7.org/fhir/ValueSet/link-type",
      "version" : "4.0.1",
      "status" : "active",
      "name" : "LinkType",
      "title" : "LinkType",
      "description" : "The type of link between this patient resource and another patient resource.",
      "systems" : ["http://hl7.org/fhir/link-type"],
      "oids" : ["2.16.840.1.113883.4.642.3.423"],
      "sources" : ["2.16.840.1.113883.4.642.3.423"],
      "uses" : {
      },
      "StructureDefinition-my-patient.html" : "My Patient"
    },
    {
      "url" : "http://hl7.org/fhir/ValueSet/marital-status",
      "version" : "4.0.1",
      "status" : "active",
      "name" : "Marital Status Codes",
      "title" : "MaritalStatus",
      "description" : "This value set defines the set of codes that can be used to indicate the marital status of a person.",
      "systems" : [
        "http://terminology.hl7.org/CodeSystem/v3-MaritalStatus",
        "http://terminology.hl7.org/CodeSystem/v3-NullFlavor"
      ],
      "oids" : ["2.16.840.1.113883.4.642.3.29"],
      "sources" : ["2.16.840.1.113883.4.642.3.29"],
      "uses" : {
      },
      "StructureDefinition-my-patient.html" : "My Patient"
    },
    {
      "url" : "http://hl7.org/fhir/ValueSet/name-use",
      "version" : "4.0.1",
      "status" : "active",
      "name" : "NameUse",
      "title" : "NameUse",
      "description" : "The use of a human name.",
      "systems" : ["http://hl7.org/fhir/name-use"],
      "oids" : ["2.16.840.1.113883.4.642.3.65"],
      "sources" : ["2.16.840.1.113883.4.642.3.65"],
      "uses" : {
      },
      "StructureDefinition-my-patient.html" : "My Patient"
    },
    {
      "url" : "http://hl7.org/fhir/ValueSet/observation-category",
      "version" : "4.0.1",
      "status" : "draft",
      "name" : "ObservationCategoryCodes",
      "title" : "Observation Category Codes",
      "description" : "Observation Category codes.",
      "systems" : ["http://terminology.hl7.org/CodeSystem/observation-category"],
      "oids" : ["2.16.840.1.113883.4.642.3.403"],
      "sources" : ["2.16.840.1.113883.4.642.3.403"],
      "uses" : {
      },
      "StructureDefinition-weight-observation.html" : "Weight Observation"
    },
    {
      "url" : "http://hl7.org/fhir/ValueSet/observation-codes",
      "version" : "4.0.1",
      "status" : "draft",
      "name" : "LOINCCodes",
      "title" : "LOINC Codes",
      "description" : "This value set includes all LOINC codes",
      "systems" : ["http://loinc.org"],
      "oids" : ["2.16.840.1.113883.4.642.3.396"],
      "sources" : ["2.16.840.1.113883.4.642.3.396"],
      "uses" : {
      },
      "StructureDefinition-weight-observation.html" : "Weight Observation"
    },
    {
      "url" : "http://hl7.org/fhir/ValueSet/observation-interpretation",
      "version" : "4.0.1",
      "status" : "active",
      "name" : "ObservationInterpretationCodes",
      "title" : "Observation Interpretation Codes",
      "description" : "A categorical assessment, providing a rough qualitative interpretation of the observation value,    such as “normal”/ “abnormal”,”low” / “high”, “better” / “worse”, “susceptible” / “resistant”, “expected”/ “not expected”.    The value set is intended to be for ANY use where coded representation of an interpretation is needed.   \r\n   \r\n   Notes:\r\n   \r\n   This is being communicated in v2.x in OBX-8 (Observation Interpretation), in v3 in ObservationInterpretation (CWE) in R1 (Representative Realm) and in FHIR in    Observation.interpretation. Historically these values come from the laboratory domain, and these codes are extensively    used. The value set binding is extensible, so codes outside the value set that are needed for interpretation concepts    (i.e. particular meanings) that are not included in the value set can be used, and these new codes may also be added to    the value set and published in a future version.",
      "systems" : [
        "http://terminology.hl7.org/CodeSystem/v3-ObservationInterpretation"
      ],
      "oids" : ["2.16.840.1.113883.4.642.3.399"],
      "sources" : ["2.16.840.1.113883.4.642.3.399"],
      "uses" : {
      },
      "StructureDefinition-weight-observation.html" : "Weight Observation"
    },
    {
      "url" : "http://hl7.org/fhir/ValueSet/observation-methods",
      "version" : "4.0.1",
      "status" : "draft",
      "name" : "ObservationMethods",
      "title" : "Observation Methods",
      "description" : "Observation Method codes from [SNOMED CT](http://snomed.info/sct) where concept is-a 272394005 (Technique (qualifier value)) or is-a 129264002 (Action (qualifier value)) or is-a 386053000 (Evaluation procedure(procedure))",
      "systems" : ["http://snomed.info/sct"],
      "oids" : ["2.16.840.1.113883.4.642.3.395"],
      "sources" : ["2.16.840.1.113883.4.642.3.395"],
      "uses" : {
      },
      "StructureDefinition-weight-observation.html" : "Weight Observation"
    },
    {
      "url" : "http://hl7.org/fhir/ValueSet/observation-status",
      "version" : "4.0.1",
      "status" : "active",
      "name" : "ObservationStatus",
      "title" : "ObservationStatus",
      "description" : "Codes providing the status of an observation.",
      "systems" : ["http://hl7.org/fhir/observation-status"],
      "oids" : ["2.16.840.1.113883.4.642.3.400"],
      "sources" : ["2.16.840.1.113883.4.642.3.400"],
      "uses" : {
      },
      "StructureDefinition-weight-observation.html" : "Weight Observation"
    },
    {
      "url" : "http://hl7.org/fhir/ValueSet/patient-contactrelationship",
      "version" : "4.0.1",
      "status" : "active",
      "name" : "PatientContactRelationship",
      "title" : "Patient Contact Relationship ",
      "description" : "The nature of the relationship between the patient and the contact person.",
      "systems" : ["http://terminology.hl7.org/CodeSystem/v2-0131"],
      "oids" : ["2.16.840.1.113883.4.642.3.1130"],
      "sources" : ["2.16.840.1.113883.4.642.3.1130"],
      "uses" : {
      },
      "StructureDefinition-my-patient.html" : "My Patient"
    },
    {
      "url" : "http://hl7.org/fhir/ValueSet/referencerange-appliesto",
      "version" : "4.0.1",
      "status" : "draft",
      "name" : "ObservationReferenceRangeAppliesToCodes",
      "title" : "Observation Reference Range Applies To Codes",
      "description" : "This value set defines a set of codes that can be used to indicate the particular target population the reference range applies to.",
      "systems" : [
        "http://terminology.hl7.org/CodeSystem/v3-Race",
        "http://snomed.info/sct"
      ],
      "oids" : ["2.16.840.1.113883.4.642.3.407"],
      "sources" : ["2.16.840.1.113883.4.642.3.407"],
      "uses" : {
      },
      "StructureDefinition-weight-observation.html" : "Weight Observation"
    },
    {
      "url" : "http://hl7.org/fhir/ValueSet/referencerange-meaning",
      "version" : "4.0.1",
      "status" : "draft",
      "name" : "ObservationReferenceRangeMeaningCodes",
      "title" : "Observation Reference Range Meaning Codes",
      "description" : "This value set defines a set of codes that can be used to indicate the meaning/use of a reference range for a particular target population.",
      "systems" : [
        "http://terminology.hl7.org/CodeSystem/referencerange-meaning"
      ],
      "oids" : ["2.16.840.1.113883.4.642.3.397"],
      "sources" : ["2.16.840.1.113883.4.642.3.397"],
      "uses" : {
      },
      "StructureDefinition-weight-observation.html" : "Weight Observation"
    },
    {
      "url" : "http://hl7.org/fhir/ValueSet/vaccine-code",
      "version" : "4.0.1",
      "status" : "active",
      "name" : "VaccineAdministeredValueSet",
      "title" : "Vaccine Administered Value Set",
      "description" : "This identifies the vaccine substance administered - CVX codes.",
      "systems" : ["urn:oid:1.2.36.1.2001.1005.17", "http://hl7.org/fhir/sid/cvx"],
      "oids" : ["2.16.840.1.113883.3.88.12.80.22"],
      "sources" : ["2.16.840.1.113883.3.88.12.80.22"],
      "uses" : {
      },
      "StructureDefinition-specific-vaccination.html" : "Specific Vaccination"
    }
  ]
}
